scheme_name,category,description,eligibility,benefits,documents_required,how_to_apply,source_url
PM-KISAN,Agriculture,Income support to landholding farmer families.,"Landholding farmer families; institutional landholders, income-tax payers and some professionals are excluded.","Rs 6,000 per year in three instalments of Rs 2,000, directly to the bank account.","Aadhaar, land records, bank account details.",Register on the PM-KISAN portal or via the Common Service Centre or the local agriculture officer.,https://pmkisan.gov.in
Ayushman Bharat PM-JAY,Health,Cashless hospitalisation insurance for poor and vulnerable families.,Families identified from the SECC 2011 database; senior citizens aged 70 and above are also covered.,Health cover of Rs 5 lakh per family per year for secondary and tertiary care at empanelled hospitals.,"Aadhaar, ration card or other identity proof.",Check eligibility on the PM-JAY portal or at an Ayushman Mitra desk in an empanelled hospital and get the Ayushman card.,https://pmjay.gov.in
PM Awas Yojana - Gramin,Housing,Assistance to build a pucca house for rural households without adequate housing.,"Rural households that are houseless or live in kutcha houses, selected using the Awaas Plus survey list.","Financial assistance of Rs 1.20 lakh in plain areas and Rs 1.30 lakh in hilly and difficult areas, plus support under MGNREGA for labour.","Aadhaar, bank account, job card.",Selection is from the Awaas Plus list through the Gram Panchayat; contact the Block Development Office.,https://pmayg.nic.in
PM Ujjwala Yojana,Energy,Deposit-free LPG connections for women from poor households.,Adult woman from a poor household with no existing LPG connection in the household.,Free LPG connection with the first refill and stove support as notified.,"Aadhaar, ration card, bank account, KYC form.",Apply at the nearest LPG distributor or online on the PMUY portal.,https://pmuy.gov.in
Sukanya Samriddhi Yojana,Savings,Small savings scheme for the girl child.,Account can be opened for a girl child below 10 years of age; maximum two accounts per family in general.,Minimum deposit Rs 250 and maximum Rs 1.5 lakh per financial year; interest rate is notified quarterly; account matures 21 years after opening.,"Birth certificate of the girl, parent or guardian ID and address proof.",Open at any post office or authorised bank branch.,https://www.indiapost.gov.in
Atal Pension Yojana,Pension,Guaranteed pension scheme mainly for unorganised sector workers.,Indian citizens aged 18 to 40 with a savings bank account.,"Fixed monthly pension of Rs 1,000 to Rs 5,000 after age 60, depending on contribution.",Aadhaar and bank account.,Enrol through your bank branch or net banking.,https://npscra.nsdl.co.in
PM Jeevan Jyoti Bima Yojana,Insurance,Renewable life insurance cover.,Bank account holders aged 18 to 50 giving auto-debit consent.,Life cover of Rs 2 lakh on death for any reason; premium Rs 436 per year.,Aadhaar and bank account.,Enrol through your bank or the jansuraksha portal.,https://jansuraksha.gov.in
PM Suraksha Bima Yojana,Insurance,Accident insurance cover.,Bank account holders aged 18 to 70 giving auto-debit consent.,Rs 2 lakh on accidental death or full disability and Rs 1 lakh on partial disability; premium Rs 20 per year.,Aadhaar and bank account.,Enrol through your bank or the jansuraksha portal.,https://jansuraksha.gov.in
MGNREGA,Employment,Guaranteed wage employment for rural households.,Adult members of rural households willing to do unskilled manual work.,Up to 100 days of guaranteed wage employment per household per financial year; wages are paid to the bank or post office account.,"Job card, Aadhaar, bank account.","Apply for a job card at the Gram Panchayat, then submit a written or oral request for work.",https://nrega.nic.in
PM Jan Dhan Yojana,Banking,Universal access to basic banking.,Any Indian citizen without a bank account.,"Zero-balance basic savings account, RuPay debit card and accident insurance cover of Rs 2 lakh with the card.",Aadhaar or other officially valid document.,Open an account at any bank branch or through a Business Correspondent.,https://pmjdy.gov.in
CPGRAMS Public Grievance,Grievance,Centralised online portal to lodge grievances against central and state government departments.,Any citizen with a complaint about a government service.,Complaint gets a registration number and can be tracked online; the department must respond within the prescribed time.,"Basic identity and contact details, description of the issue, supporting documents.",Register the grievance at the CPGRAMS portal and track it using the registration number.,https://pgportal.gov.in
Right to Information (RTI),Policy,Law that lets citizens request information from public authorities.,Any Indian citizen.,Application fee of Rs 10 for central public authorities; the authority must generally reply within 30 days.,Written application or online application with the fee.,File online on the RTI Online portal for central ministries or to the Public Information Officer of the department.,https://rtionline.gov.in
